Lead_Star,star_movies_Number,Director,Director_movies_number,Music_Director,Music_Director_movies_number
Aadil Khan,1,Aadil Khan,1,Babloo Ustad,1
Aakar Kaushik,1,Hemant Gaba,1,Avinash Baghel,1
Aamir Bashir,1,Sanjay Amar,1,Amir Ali,1
Aarun Nagar,1,Aarun Nagar,1,Ashish Donald,1
Aatri Kumar,1,Ram Pratap Singh,1,Udbhav,1
Abhay Deol,9,Navdeep Singh,1,Jayesh Gandhi,1
Abhijeet Sawant,1,Hemant Prabhu,1,Santosh Singh,1
Abhinav Shukla,1,Kamal Sadanah,1,John Stewart,1
Abhishek Gupta,1,Rajesh Dubey,1,Suresh Kumar,1
Abhishek Sharma,1,Pawan K. Shrivastava,1,Rupesh Pathak,1
Abhishek Urade,1,Pravin Damle,1,Pravin Damle,1
Adam Bedi,1,Sanjay Jha,1,Zubeen Garg,1
Adil Hussain,3,Unni Vijayan,1,Ganesh Kumaresh,1
Aditi Sharma,1,Hemant Hegde,1,Tabun Sutradhar,1
Aishwarya Rai,3,Somnath Sen,1,Mahesh Balraj,1
Ajay Kumar,1,L.N. Masade,1,Harish Sharma,1
Ajay Shukla,1,Lalit M. Bisht,1,Raja Pandit,1
Ajay Soni,1,Sanjay Suryavanshi,1,Mike Mitra,1
Ajaz Khan,2,Zubair Khan,1,Dilshad,1
Akshay Oberoi,2,Vidhi Kasliwal,1,Manmeet Singh,1
Akshaye Khanna,8,Aroop Adhikari,1,Debjit Bera,1
Aksshat,1,Geeta Tomar,1,Benson Baby,1
Ali Fazal,4,Karan Darra,1,Naveed Zafar,1
Alma Grey,1,M.R. Shahjahan,1,Sunna Wehrmeijer,1
Aman Sagar,1,Amit Suryavanshi,1,Amar - Akbar,1
Amit Hotchandani,1,Amit Chauhan,1,Chander Makwana,1
Amit Sadh,1,Amit Roy,1,Abhishek - Akshay,1
Amitabh Bachchan,21,Ashok Gupta,1,R.D. Burman,1
Anay,1,Rituparno Ghosh,1,Sanjoy Das,1
Anirudh Loka,1,Anay,1,Anay,1
Anita Kanwal,1,Nitin Raghunath,1,Divyang Arora,1
Anmol Singh,1,Kamal Swaroop,1,Rajat Dholakia,1
Anu Kapoor,1,Nitin Mathur,1,Sajid Salam,1
Anubhav Anand,1,Vinod Kapri,1,Sushmit Sen,1
Anuj Mishra,1,Ajmal Zaheer Ahmad,1,Josh,1
Anuj Pandit,1,Shyamlal K. Mishra,1,Shiv Prakash Mishra,1
Anuj Saxena,2,Pankaj Sharma,1,Sanjay Dhakan,1
Apurv Ratan,1,Sachin Gupta,1,Vikram Khajuria,1
Arbaaz Khan,3,Deepak Goswami,1,Sushil Dalai,1
Arjun Kapoor,6,Rajeev Walia,1,Raaj Aashoo,1
Arman,1,Amit Ravindernath Sharma,1,Imraan Khan,1
Arvindo,1,Vinod Rikhhi,1,Gurnam Singh Mann,1
Aryan Vaid,3,Teerat Singh Johar,1,Bobby Rehman,1
Asha Bhonsle,1,Om Prakash Makkar,1,Vijay Kapoor,1
Ashima Sharma,1,Mahesh Kodiyal,1,Nithin R. Shankar,1
Ashok Kumar,1,S. Sachindra,1,Naresh Karwala,1
Ashraf Khan,1,Joy Mukherjee,1,Shankar - Jaikishen,1
Ashrita Agarwaal,1,Atul Sriva,1,Atul Sriva,1
Atul Kulkarni,4,Sanjay Sharan,1,Madhumay,1
Avinash Bhargava,1,Anup Kurian,1,Lisa Stanislawski,1
Ayushman Khurana,8,Karan Kashyyap,1,Pravin More,1
Azim,1,R.S. Prasanna,1,Vayu,1
Barun Sobti,1,Ashfaque Makrani,1,Shailendra - Sayanti,1
Bhagyashree,1,Adeeb Rais,1,Ravi Shukla,1
Bhoop Yaduvanshi,1,Chander Behl,1,Nirmal Pawar,1
Biswaroop Roy Chowdhary,1,Akashaditya Lama,1,Kavita Seth,1
Buali Shah,1,Rana Jaiswal,1,Manjit Arora,1
Chahat Khanna,1,Jenner Jose,1,Saurabh Malhotra,1
Chandan Roy Sanyal,2,Deepak Bengani,1,Bali Brahmbhatt,1
Danny Denzongpa,1,Ashish R. Shukla,1,Atif Afzal,1
Deep Bhattacharya,1,Rafeeq Ellias,1,Ronit Chatterji,1
Dhananjay,1,Shivajee Chandrabhushan,1,John P. Varkey,1
Dibyendu Bhattacharya,2,Tutu Sinha,1,Haricharan Verma,1
Dilzan Wadia,2,Dil Kumar,1,Mahesh Naik,1
Disha Chaudhary,1,Sidharth Srinivasan,1,Jona Kampa,1
Divya Dutta,3,Shyam Shah,1,Shahank Phadnis,1
Faheem Ul Haq,1,Raju Mavani,1,Farzan Faaiz,1
Farooque Shaikh,2,Prabhakar Shukla,1,Vivek Prakash,1
Gagan Nimesh,1,Sushen Bhatnagar,1,Raju Rao,1
Gaurav Kakkar,1,Vijay Ghatge,1,Taufiq Qureshi,1
Gauri Angel,1,Aziz Naser,1,Rajesh S.S,1
Gayatri Patel,1,Mrityunjay Devvrat,1,Sidhant Mathur,1
Govinda,11,Jaganath S.R.,1,Lava Kumar S.R.,1
Gracy Singh,6,Mahesh Kapoor,1,Ali Vasudev,1
Guddi Maruti,1,Shravan Jain,1,Munni Raj,1
Gulzar Inder Chahal,1,Aarif Sheikh,1,Vipin Mishra,1
Gunj,1,Kirti Kumar,1,Kamini Khanna,1
Gurdeep Mehndi,1,Ajay Panesekar,1,Arvind Haldipur,1
Hameed Khan,1,Indrajit Singh,1,Kuldeep Singh,1
Hema Malini,1,Kuldeepak Bakshi,1,Ravee Jule,1
Hemant Pandey,1,Puneet Issar,1,Sudhakar Sharma,1
Himanshu Bhatt,1,Sudhir Pillai,1,Billu,1
Hussain Dalal,1,Syed Noor,1,Daler Mehndi,1
Hussain Kuwajerwala,1,Sharique Minhaj,1,C.P. Aslam,1
Irfan Choudhary,1,Gul Bahar Singh,1,Hriju Roy,1
Irrfan Khan,9,Harish Sharma,1,Varsha,1
Ishaan Manhaas,1,Sanjeev Reddy,1,Sunil Kashyap,1
Ishaan Tandon,1,Srinivas Sunderrajan,1,Swarathma,1
Jackie Shroff,15,Rajesh Bachchani,1,Talaash - Band Of Seekers,1
Jatin Khurana,1,Suresh K. Goswami,1,Bhajan Sopori,1
Javed Jaffrey,1,Kaushik Roy,1,Lesle Lewis,1
Jaya Bachchan,1,Shankhadeep,1,Nitin Kumar Gupta,1
Jimmy Shergill,15,Iqbal Ali,1,Jalalludin Khan,1
Jyoti Dev,1,Anand Balraj,1,Aabfm,1
Kalpana Pandit,1,Japinder Kaur Baweja,1,Jazzy Bains,1
Kanan Malhotra,1,Rakesh Jain,1,Reeky Dev,1
Kanwaljeet,1,Ashvin Kumar,1,Matt Robertson,1
Karan Hakku,1,Jayabrato Chatterjee,1,Usha Uthup,1
Karan Sharma,1,Anwer Khan,1,J.D. Singh - Rajan,1
Kashish,1,Tilak Chutani,1,Aman,1
Kavin Dave,1,Sandeep Malani,1,Mike Paul Hughes,1
Kay Kay Menon,11,A. Chitransh,1,Dilip Sen,1
Khushboo Khan,1,Ranjan Shandilya,1,Runa Rizvi,1
Kiran Janjani,3,Paul - Venu,1,Sahil Fatehpuri,1
Kirron Kher,2,Nitin Tiwari,1,Sudheer - Milind,1
Koel Puri,1,Rajesh Mittal,1,Amresh Shahabadi,1
Kohinoor Khan,1,Jagdish Rajpurohit,1,Faiz ur Rehmen,1
Konkona Sen Sharma,4,Rakesh Mehta,1,Vinay Jaiswal,1
Krishna,1,Ashok Mehta,1,Shiv - Ram,1
Krishna Abhishek,1,Mahesh D. Singh,1,Niranjan - Saket,1
Kumaar Aadarsh,2,Shona Urvashi,1,Randolph Correa,1
Kumar Jai Baliyaan,1,Vishal Inamdar,1,Kaushal Inamdar,1
Laala Khan,1,Umesh Gandhi,1,Liyaqat Asmmen,1
Leander Paes,1,Manu Rewal,1,Sawan Datta,1
Luke Kenny,1,Manoj,1,A.K. Alrin,1
Madhoo,1,S. Soni,1,Ravi Chopra,1
Madhuri Dixit,2,Kumaar Aadarsh,1,Aditya Shankar,1
Mahima Chaudhary,3,Prabhu Dayal Meena,1,Veivek Asthaana,1
Manish Chaudhary,1,Kailash Dangi,1,Sanjeev Chorasiya,1
Manoj Pandey,1,Ashok Kohli,1,Lahu Madhav,1
Melanie Kannokada,1,Luke Kenny,1,Caralisa Monteiro,1
Milind Gunaji,3,Kallol Sen,1,Chiradeep Dasgupta,1
Mithun Chakraborty,10,Soumik Sen,1,Soumik Sen,1
Mohit Chauhan,1,Amar Butala,1,Yasin Darbar,1
Mohsin,1,Jitender Pawar,1,Onkar Singh,1
Mohsin Khan,1,Kesar Matharu,1,Imran Wasim,1
Monalisa,3,Chandra Pemmaraju,1,Dan Omelia,1
Mrunmayee Lagoo,1,Devendra Dua,1,Abhijeet - Kuljeet,1
Mukesh Tiwari,1,Prakash Kapoor,1,Laxmi Pawan,1
Mukesh Vyas,1,Gaurav Panjwani,1,Manan Munjal,1
Munsif Qureshi,1,Aman Mihani,1,Anaamik,1
Muzahid Khan,1,Akram Shaikh,1,Sikander Khan,1
Nakul Vaid,1,Rakesh Parmar,1,Palash Sen,1
Nana Patekar,5,Sumit Roy King,1,Karthik - Arjun,1
Nandita Das,1,Raja Unnithan,1,Ashish Manchanda,1
Narayan Singh Sisodia,1,Vedant Vishnoi,1,Rajiv Thanvi,1
Naseeruddin Shah,13,Swapnil Koche,1,Sumit Telang,1
Naveen Kasturia,1,Anees Javed,1,Tukaram,1
Nilesh Kumar,1,Srinivasa Anjanappa,1,Deen Mohammad,1
Nisha Triloki,1,Mazhar Kamran,1,Vivek Priyadarshan,1
Nishant Sharma,1,Goutam Ghose,1,Goutam Ghose,1
Nishi Verma,1,K.P. Sasi,1,Ravi,1
Nishigandha Wad,1,Pradeep Kumawat,1,Prem Bhandari,1
Omkar Das Manikpuri,3,Aparnaa Singh,1,Neeraj Shridhar,1
Pankaj Badra,1,Amit Masurkar,1,Arfaaz Kagalwala,1
Paras Chhabra,1,Om Verma,1,Chand Sadhwani,1
Parmeet Sethi,1,Monish Kaushal,1,Ashish Keskar,1
Poonam Dasgupta,1,Manoj Palrecha,1,Pramod Chillal,1
Prajakt Rebeloma,1,Nandu Chaudhary,1,Anil Hajaria,1
Prashant Narayanan,1,Ujjwal Thengdi,1,Ujjwal Thengdi,1
Preeti Jhangiani,1,Shareeph Mansuri Saranwala,1,Nizam Khan,1
Prince Amit,1,Varun Middha,1,Tarannum Malik,1
Prithvi Soni,1,Anshuman G. Barua,1,Ramen Barua,1
Priya Singh,1,Braj Bhushan,1,Sujeet Chaubey,1
Priyanshu Chatterjee,2,Yashwant Ingavale,1,Anil Mohile,1
Pulkit Samrat,6,Ravi Basera,1,Usha Khanna,1
Pushkar Jog,1,Prajakt Rebeloma,1,Bhupesh Sawai,1
R. Madhavan,6,Praveen Bhardwaj,1,Shujaat Hussain Khan,1
Rafiq Batcha,1,Kamal Nathani,1,Sudeep Banerjee,1
Rahul,2,Sudeep D. Mukherjee,1,Raj Hans,1
Rahul Bose,6,Dashrath Kacharawat,1,Darshan Kaher,1
Rahul Khanna,3,Dhirendra Agarwal,1,Ghulam Ali Chander,1
Rahul Roy,5,Ujjwal Chatterjee,1,Kumar Sanu,1
Rahul Sood,1,Umesh Bist,1,G.J. Singh,1
Raj Singh Chaudhary,2,Pushkar Jog,1,Saii - Piiyush,1
Raj Zutshi,1,Vikram K. Kumar,1,Tubby Parik,1
Rajan Verma,2,Atlanta Nagendra,1,Praveen Duth Stephen,1
Rajat Bedi,1,Kaushal Singh,1,S. Prabhath,1
Rajeev Khandelwal,6,Vikrant Bhatt,1,Manoj Santoshi,1
Rajeev Raj,1,Vinta Nanda,1,Ashutosh Phatak,1
Rajesh Bhardwaj,1,Sabal Singh Shekhawat,1,Zubin Balaporia,1
Rajesh Pathak,1,Aditya Kaushik,1,Kishore Parashar,1
Rajesh Sabharwal,2,Trilok Chaudhary,1,Sunil Khosla,1
Rajit Kapoor,1,Lakhvinder Singh,1,Ahmed Hussain,1
Rajiv Roda,1,Maneej Premnath,1,Luv - Kush,1
Rajkummar Rao,7,Sunil Prem Vyas,1,Subhi,1
Rajpal Yadav,9,Jagdish Thanwar,1,Chandraprakash Dwivedi,1
Rakesh,1,S.P. Muneshwar,1,Arun Bakshi,1
Randeep Hooda,12,Aziz Chhapra,1,Mahesh Sharma,1
Rashmi Somvanshi,1,Aditya Datt,1,Gajendra Verma,1
Rasika Dugal,1,Neerav Ghosh,1,Vishal Vaid,1
Raveena Tandon,1,Dharam Veer Billa,1,Suraj Kumar,1
Ravi Arora,1,Vicky Bhardwaj,1,Arpan-Sumit,1
Ravi Kissen,3,P. Subhash,1,Nandu Honap,1
Ravish Pandey,1,Muneer Khan,1,Bhai Pawar,1
Rehan Khan,1,Rajesh Ganguly,1,Bipin Panchal,1
Rekha,2,Y.P. Singh,1,Rooshin Dalal,1
Rekha Gautam,1,Ajay K. Pannanlal,1,Jam 8,1
Ritesh Raghuvanshi,1,Dilip Shukla,1,Vijay Verma,1
Rohan Jardosh,1,Uday Kant,1,Nishadh Chandra,1
Ronak Bhatia,1,Vikram Pradhan,1,Chinar-Mahesh,1
Ruslan Mumtaz,3,Suhail Azmi,1,Kabir,1
Sachiin Joshi,3,Ahishor Solomon,1,Kshitij Tarey,1
Saagar Bhatia,1,Arjun Chandramohan Bali,1,Satya,1
Sagar,1,Surendra Singh Rathore,1,Kaushal Mahavir,1
Sahil Khan,2,Karan Gour,1,Karan Gour,1
Sail Hasan,1,Ashtar Sayed,1,Fuzon,1
Saleem Ahmed,1,Prasun Banerjee,1,Issan Manik,1
Saleem Ansari,1,Suneet Arora,1,Akshay Bafila,1
Salim Gaur,1,Fahim Khan,1,Tasavar Azmi,1
Samapika,1,Farhan Mirza,1,Pramod Tripathi,1
Sanam Khan,1,Romilla Mukherjee,1,Romilla Mukherjee,1
Sangram Singh,1,Subodh Govil,1,Suresh Mathur,1
Sanjay Kumar,2,Sanoj Mishra,1,Aditya Gaud,1
Sankalp Shrivastava,1,Apurv Bajpai,1,Parampara Band,1
Sarah Jane Dias,1,Ravi Bhatia,1,Santosh Anand,1
Sarat Pujari,1,Amit Kasaria,1,Amit Kasaria,1
Sarika,2,Sudha Kongara,1,Santhosh Narayanan,1
Sarita Joshi,1,Kaizad Gustad,1,Itek Bhutani,1
Sartaj Singh Pannu,1,Sikander Bhatia,1,Kamran Khan,1
Sasho Satiiysh Saarathy,1,Santosh Mishra,1,Gurudutt Sahil,1
Shaarib Hashmi,1,Sabir Shaikh,1,DJ Aqeel,1
Shabaaz Khan,1,Syed Rushdi Hasan,1,Asheesh Thadani,1
Shabana Azmi,4,Rabi Kisku,1,Sur Rhyeal,1
Shahana Chaterjee,1,Rupender Verma,1,Prawaldeep,1
Shahzad Pathan,1,Pradeep Maru,1,Mahesh - Vinod,1
Sharad Malhotra,1,Vijay Patkar,1,Sushil Lalji,1
Sharad Ponkshe,1,Sunil Sharma,1,Munnawar Azmi,1
Sharmila Tagore,1,Kumar Baadal,1,Astitva - The Band,1
Shevum Shetty,1,Bali Grover,1,Visshuraj,1
Shiney Ahuja,7,Sankalp Shrivastava,1,Sankalp Shrivastava,1
Shital Shah,1,Pan Nalin,1,Swapnil Salkar,1
Shreela Majumder,1,Sabyasachi Mohapatra,1,Akshaya Mohanty,1
Siddhant Kumar,1,Abhigyan Jha,1,Claver Menezes,1
Siddharth Gupta,1,Priya Krishnaswamy,1,Ved Nair,1
Sidharth Malhotra,5,Sartaj Singh Pannu,1,Nitish Pires,1
Simran,1,Sandeep A. Varma,1,Sonam - Nitin - Subir,1
Smriti Singh,1,Nitin Kakkar,1,Arijit Datta,1
Sonakshi Sinha,2,Ajit Varma,1,Raj Inder Raj,1
Sonali Kulkarni,3,Manish Acharya,1,Michael Cohen,1
Sonam Kapoor,3,Sarovar Banka,1,Neel Murgai,1
Suneil Shetty,8,Shomshuklla Das,1,Ankur Mukherjee,1
Sunil Grover,1,Shahzad Pathan,1,Vikrant Mathur,1
Sunny Leone,5,Prateek Chakravorty,1,Brooklyn Shanti,1
Suraj Dev Sahu,1,Sanjiv Kolte,1,Manish,1
Susanna Mohan,1,Sangeeta Datta,1,Soumik Datta,1
Swara Bhaskar,4,Aman Soni,1,Aqeel,1
Swaraaj Singh,1,Kunal Shivdasani,1,Justin - Uday,1
Sween Sharma,1,Tarun Dhanrajgir,1,Abid Shah,1
Tanuj Virwani,2,Nimu Bhowmick,1,Pinak Bhattacharya,1
Tanushree,1,Siddhant Kumar,1,Vivek Asthana,1
Tanveer Ahmed,1,Aman Sachdeva,1,Parichay,1
Tarun Khanna,3,Nitya Mehra,1,Bilal Saeed,1
Tejasvita Kapoor,1,Bisham Kohli,1,Abheer Mukherjee,1
Tina Gujjar,1,Kumar Bablu,1,Vinay Prasanna,1
Tom Alter,1,Sunhil Sippy,1,Baadshah,1
Trimala Adhikari,1,Arindam Nandy,1,Prabuddha Banerjee,1
Ujwal Chopra,1,Nitin Mahadar,1,Uday Ramdas,1
Umed Khandelwal,1,Ram Madhvani,1,Vishal Khurana,1
Upasna Singh,1,Jagdish C. Pandey,1,Bhoopi - Kanakraj,1
Uttar Kumar,2,Vishal Mishra,1,Superbia,1
Uunnat Duutt,1,Bobby Khan,1,Uzair Jaswal,1
V.P. Singh,1,Suraj Dev Sahu,1,Navraj Baskota,1
Vaishali Rawat,1,Piyush Chakravarty,1,Rohit Sinha,1
Veena Malik,3,Avinash Kumar Singh,1,Indraneel Hariharan,1
Vicky Kaushal,1,Debaloy Dey,1,Amit Mishra,1
Vidya Balan,7,Ambrish Sangal,1,Aashish Dwivedi,1
Vidyut Jammwal,2,Dweep Raj Kochhar,1,Harish Mangoli,1
Vijay Raaz,3,Joe Rajan,1,Sunil Bhatia,1
Vijay Saxena,1,Dadu,1,Pandit Jalwa Prasad,1
Vikram Aditya,2,Raj Ahmed Khan,1,Pradeep Kumar Das,1
Vikrant Mahajan,1,D'Silva,1,Rajib - Mounaa,1
Vinay Arora,1,Sanjay Niranjan,1,Babli Haq,1
Vinay Pathak,10,Deep Saraswat,1,Rahul B. Seth,1
Vineeth,1,Mohan Bhakri,1,Anand Singh,1
Vinod Khanna,2,Rajesh Shera,1,Serge Eisen,1
Vinod Painter,1,Manav Kaul,1,Brince Bora,1
Vishaw Kashyap,1,Deepesh Shah,1,Paresh A. Shah,1
Waqar Khan,2,Jyotiish,1,Umed Khandelwal,1
Yatin Karyekar,1,Shams Durrani,1,Suman - Sudeep,1
Yogendra Chouhan,1,Dinesh Chaudhary,1,Mukesh Verma,1
Yugboah Garewal,1,Sanjeev Vedwan,1,A.R. Saxena,1
Yugraj Jain,1,Uunnat Duutt,1,Santosh Mehta,1
Zeenat Aman,2,Sachin Yadav,1,Omkar Rana,1
Zulfi Sayed,2,Sanjeev Lakhan Patel,1,B.S. Akhilesh,1
Aanamika Bawa,1,Navin Batra,1,DJ Sheizwood,1
Aasif Albela,1,Mozez Singh,1,Ashu Pathak,1
Abhishek Bachchan,14,Suresh Triveni,1,Santanu Ghatak,1
Al Amin,1,Dilip Ghosh,1,Mannan Shaah,1
Anara Gupta,1,Dipu Karunakaran,1,Abu Murali,1
Arjun Punj,1,Vijay Saxena,1,Nutan-Pankaj,1
Aseem Ali Khan,1,Akash Dixit,1,Dudal Sakia,1
Boman Irani,3,Rajkumar R. Pandey,1,J. Subhash,1
Chandrachur Singh,2,Vikrant Mahajan,1,Gaurav Dayal,1
Chirag Patil,1,Vinay Arora,1,Aziz Ali,1
Dharmendra,1,Anil Chaudhary,1,Sangeeta Pant,1
Farrukh Jaffar,1,Deepa Sahi,1,Shivangi Kashyap,1
Ganesh Venkatraman,1,David Atkins,1,Anurag Ware,1
Hina Rehman,1,Zaigham Ali Sayed,1,Akbar Sami,1
Hithaishaini,1,Vinod Painter,1,Kapil Jangir,1
Jeet Goswami,2,Jayesh Gupta,1,Rahul Gupta,1
Kamaal R. Khan,1,Maninder Bhandari,1,Praveen Kunwar,1
Kangana Ranaut,4,Mahesh Kenge,1,Sanjay Gite,1
Kapil Sharma,2,Ravi Ved Chouhan,1,Rajesh Pillay,1
Kirran Sharad,1,Monazir Hasain,1,Hirju Roy,1
Kush Khurana,1,Sanjeev Nanda,1,Aman Shlok,1
Lee Williiams,1,Sanghamitra Chaudhuri,1,Dev Sikdar,1
Maanas Srivastava,1,Akbar Khan,1,Naushad,1
Mammootty,1,Rajesh Kumar,1,Shabab Azmi,2
Manav Sohal,1,Anwar Shaikh,1,Sahil Patil,2
Manoranjan Jha,1,Goldie Behl,1,Dhruv Ghanekar,2
Mohit Sharma,1,Sona Jain,1,Zakir Hussain,2
Nafe Khan,1,Akram Khan,1,Harpreet,2
Nassar Abdulla,1,Shuja Ali,1,Anupam Roy,2
Natasha Sikka,1,Aniruddha Roy Chowdhury,1,Iqbal Darbar,2
Om Puri,6,Imtiaz Patel,1,Sunil Jha,2
Raghuvir Yadav,2,Chander Mishra,1,Tauseef Akhtar,2
Raj Verma,1,Ajay Kanchan,1,Rajendra Shiv,2
Rajat Kapoor,6,Rajendra Shiv,1,Jassi Katyal,2
Rajesh Kumar,1,Akashdeep,1,Kartik Shah,2
Rehal Khan,1,Manikya Raju,1,Shankar Sahney,2
Rishi Verma,1,Babloo Sheshadri,1,Jatinder Shah,2
Rituparna Sengupta,2,Smeep Kang,1,Alokananda Dasgupta,2
Sandeep Kulkarni,1,Ajay Bahl,1,Rohit Sharma,2
Saurabh Malik,1,Praveen Morchhale,1,Faizan Hussain,2
Shahnawaz Khan,2,Natty Kumar,1,Gunwant Sharma,2
Sidhant Kapur,1,C.M. Jain,1,Manikanth Kadari,2
Suchhi Kumar,2,G. Venugopal,1,Baba Sehgal,2
Sumeet Nijhawan,1,Mukesh Saigal,1,Khayyam,2
Sushant Singh,2,Ajay Mehra,1,Nikhil,2
Vikram Kumar,1,Jagdish Sharma,1,Sanjeev Srivastava,2
Vinit Bhardwaj,1,Sai Kabir,1,Faizal Qureshi,2
Vinod Sherawat,1,Rajeev Dhingra,1,Jaan Nissar Lone,2
Adhyayan Suman,4,Kanika Verma,1,Dheeraj Sen,2
Ajay Devgn,35,Sanjiv Jaiswal,1,Mathias Duplessy,2
Amit Purohit,1,Babu Bhatt,1,Satish - Ajay,2
Ananya Khare,1,Prashant Nair,1,N.K. Nandan,2
Anshuman Jha,1,Anil Balani,1,Prashant Singh,2
Anu Kashyap,1,Bappaditya Roy,1,Abu Zar,2
Arshad Warsi,12,Pradeep Pandit,1,Jaideep Choudhury,2
Chinmay Mandlekar,1,S. Latif,1,Nishad Vaidya,2
Deepak Dobriyal,3,Suresh Kumar,1,Laxmi - Vasant,2
Deepti Naval,2,Yusuf Ali Khan,1,Ankur Tewari,2
Diljit Dosanjh,1,Shrey Srivastava,1,Arko Pravo Mukherjee,2
Dimple Sevak,1,Shiraz Henry,1,Siddhant Madhav,2
Eijaz Khan,1,Sumeet Chawla,1,Rashid Khan,2
Faisal Khan,1,Amjad Khan,1,Arjuna Harjai,2
Hitesh Agrawal,1,P. Jitendra,1,Raees Khan,2
Ihad Khan,1,P. Vinod Gupta,1,Reeg Deb,2
Isaiah,1,Rangita Pritish Nandy,1,Gulraj Singh,2
Jeetendra,1,Gorky,1,Vivek Kar,2
Kranti Redkar,1,Ratna Sinha,1,Indian Ocean,2
Manisha Koirala,4,Manish Vatsalya,1,Gourav - Roshin,2
Manoj Amarnani,1,Md. Mehatabul Haque,1,Shabbir Ahmed,2
Mashaal Durrani,1,Shakir Khan,1,Agnel Roman,2
Mohammad Iqbal Khan,2,Dinesh P. Bhonsle,1,Nazakat - Shujat,2
Mohit Ahlawat,2,Kkailash Mali,1,Gaurav Dagaonkar,3
Nargis Bagheri,1,Deepak Tanwar,1,Viju Shah,3
Nawazuddin Siddiqui,7,Mohd. Shamim Khan,1,Daniel B. George,3
Pankaj Kapoor,3,Amit Khanna,1,Agnee,3
Paresh Rawal,4,Hayat Asif,1,Ram Shankar,3
Prakash Sagar,2,Jaideep Chopra,1,Amartya Rahut,3
Priyanka,1,Jasmine Moses,1,Mangesh Dhakde,3
Puru Chibber,1,Jaideep Varma,1,Shailendra Barve,3
Rahil Tandon,1,Avinash Das,1,Debajyoti Mishra,3
Rahul Singh,1,Deven Bhojani,1,Jasleen Royal,3
Raji James,1,Raj Pendurkar,1,John T. Hunt,3
Raza Murad,1,Neeraj Sahai,1,Santokh Singh,3
Richa Chaddha,1,Narendra Kumar Sharma,1,Ali Ghani,3
Saahib,1,Sameer Hanchate,1,Vishnu Narayan,3
Sadashiv Amrapurkar,1,Naeem Khan,1,Tapas Relia,3
Sameer Aftab,1,Shekhar Suman,1,Nikhil Kamath,3
Sandhya Mridul,1,John M. Matthan,1,Shashi Pritam,3
Sanjay Dutt,18,Charudutt Acharya,1,Uttam Singh,3
Sanjay Kapoor,2,Manish Manikpuri,1,Deepak Pandit,3
Shaadab Khan,1,Arvind Ranjan Das,1,Vinay Tiwari,3
Sharman Joshi,9,Janaki Vishwanathan,1,Sujeet Shetty,3
Sheetal Pathak,1,Baldev Paal,1,Kailash Kher,3
Subrat Dutta,1,Atul Sabharwal,1,Nayab - Raja,3
Sudeep,2,Samir Tewari,1,Saurabh Mukherjee,3
Sudhanshu Pandey,2,Vibhu Puri,1,Ravi Pawar,3
Sunny Deol,15,Ajit Bhairavkar,1,Ismail Darbar,3
Tena Desae,1,K. Rajesh,1,Krsna,3
Tina,1,Sanjoy Nag,1,Santosh Sharma,3
Vinay Virmani,1,Anshai Lal,1,Onkar Shinde,3
Yash Gera,1,Irfan,1,Aslam Keyi,3
Abhay Bakshi,1,Shammi Chhabra,1,Dharam - Sandeep,3
Ajay Jadeja,1,Sharique Minhaz,1,Tanishk,3
Anand Tiwari,1,Shankar Mondal,1,Rishi Rich,3
Ashutosh Rana,2,Joy Augustine,1,Baba Jagirdar,4
Gursewak Mann,1,Marlon Rodrigues,1,Abhishek Ray,4
Kiran Karmarkar,1,Mahesh Vaijnath Doijode,1,Piyush Kanojia,4
Mighty,1,Shashi Pritam,1,Manish Tipu,4
Paritosh Goswami,1,Basit Khan,1,Jaidev Kumar,4
Sahil Mehta,1,Vishwas Patil,1,Vivek Philip,4
Sahil Pathan,1,Jairaj Padmanabhan,1,Rahul Ranade,4
Sanjay Mishra,2,K. Ajay Kumar,1,Roop Kumar Rathod,4
Shaad Randhawa,1,Manoj Amarnani,1,Raghu Dixit,4
Shawar Ali,2,Iqbal Durrani,1,Sunil Singh,4
Vir Das,4,Arshad Yusuf Pathan,1,Jatin Pandit,5
Yukta Mookhey,1,Akshay Shere,1,Hanif Sheikh,5
Aasad Mirza,1,Hirdesh Kamble,1,Jayant Aaryan,5
Amar Sidhu,1,Shlok Sharma,1,Amar Mohile,5
Amit Sharma,1,Bhavna Talwar,1,Bappa Lahiri,5
Anil Kapoor,4,Naseeruddin Shah,1,Rajesh Roshan,5
Anupam Kher,7,Ravi Pun,1,Ranjit Barot,5
Devasish Ray,1,Om Prakash Sharma,1,Sandeep Chowta,5
Gashmeer Mahajani,1,Abhishek Bindal,1,Bikram Ghosh,5
Kaif Khan,1,Pritish Chakraborty,1,Sangeet - Siddharth,6
Manish Paul,2,Sanjay D. Singh,1,Nitin Raikwar,6
Narinder Samra,1,Arsala Qureishi,1,Monty Sharma,6
Navdip Singh,1,Dinesh Avasthi,1,Nikhil - Vinay,6
Phool Singh,1,Aalima Ahmed,1,Rochak Kohli,6
Purab Kohli,4,Suryaveer Singh Bhullar,1,Sneha Khanwalkar,6
Simone Singh,1,Mustafa Engineer,1,Ilaiyaraja,6
Sohrab Ardeshir,1,K. Ashfaq,1,Afsar - Sajid,6
Sonu Pahuja,1,Rahul Kapoor,1,Sanjeev - Darshan,6
Suman Ranganathan,1,Sarthak Dasgupta,1,Ankit Tiwari,6
Adah Sharma,1,Afzal Khan,1,Dilip Sen - Sameer Sen,6
Aftab Shivdasani,9,Bhupendra Gupta,1,Shivam Bagchi,6
Antara Mali,1,Alok Shrivastava,1,Sohail Sen,7
Arunoday Singh,1,Faraz Haider,1,Raghav Sachar,7
Aryan Singh,1,Deepak K. Bajaj,1,Raju Singh,8
Cyrus Broacha,1,Jai Tank,1,Vaishnav Deva,8
Divvj Kak,2,Milind Gadagkar,1,M.M. Kreem,8
Farhan Akhtar,8,Kaaran Choudhary,1,Ajay - Atul,8
Harman Baweja,3,Masud Mirza,1,Honey Singh,8
Kamal Hassan,1,Shreyas Talpade,1,Meet Bros,8
Karan Mehra,1,Yogesh Mittal,1,Sukhwinder Singh,9
Mikaal Zulfikaar,1,J.J. Reddy,1,Jatin - Lalit,9
Payal Rohatgi,4,Robert Lieberman,1,Chirantan Bhatt,9
Poonam Pandey,1,Amit Ojha,1,Sanjoy Chowdhary,9
Rakesh Bapat,2,Baba Jagirdar,1,Jeet Ganguly,9
Ranbir Kapoor,17,V.K. Kumar,1,Toshi - Sharib,9
Sahil Prem,1,Feroz Abbas Khan,1,Lalit Pandit,9
Sameer Dharmadhikari,3,Praveen Kumar,1,Adnan Sami,9
Tanveer Hashmi,10,Gurbir S. Grewal,1,Sachin Gupta,10
Rajneesh Duggal,4,Bela Negi,1,Sagar Desai,10
Ayub Khan,1,Girja Shankar,1,Ravindra Jain,11
Bipasha Basu,6,Gajendra Ahire,1,Amjad - Nadeem,12
Celina Jaitley,1,Shakeel Noorani,1,Daboo Malik,12
Isha Koppikar,1,Nandita Das,1,Anand - Milind,12
Joysen Gupta,1,Rajan Kothari,1,Mithoon,12
Kalaynji Jana,1,Paritosh Goswami,1,Ram Sampath,13
Lucky Ali,1,Anup Das,1,Siddharth - Suhas,13
Prateik Babbar,3,Sunny Bhambhani,1,Bappi Lahiri,14
Rahul Bagga,1,Dinesh Parihar,1,Bappi - Tutal,15
Reshma Singh,1,Anshul Sharma,1,Shantanu Moitra,15
Salman Khan,27,Shashi Ranjan,1,Vishal Bhardwaj,17
Shiv Darshan,2,Sanjay Bhatia,1,Aadesh Shrivastava,18
Supriya Pathak,1,Ajay Bhuyan,1,Anand Raj Anand,19
Vikram Singh,3,Arshad Siddiqui,1,Sandesh Shandilya,20
Akshay Kumar,48,Mahrukh Mirza,1,Shamir Tandon,21
Ashish Lal,1,Deepak Kumar Bandhu,1,Amit Trivedi,24
Gaurav Bajaj,1,Manjul Kapoor,1,Sachin - Jigar,24
Himansh Kohli,2,Jijy Philip,1,A.R. Rehman,26
Kapil Jhaveri,1,Jahnu Barua,1,Salim - Sulaiman,35
Kashmira Shah,1,Jaideep Sen,1,Vishal - Shekhar,38
Manoj Bajpai,9,Manan Singh Katohora,1,Shankar - Ehsaan - Loy,41
Mika Singh,1,P. Som Shekar,1,Anu Malik,42
Neha Dhupia,3,Ramesh Modi,1,Sajid - Wajid,48
Nishan Nanaiah,2,Manish,1,Himesh Reshammiya,51
Rishi Kapoor,5,Pankaj Advani,1,Pritam,92
Rishi Rehan,1,Saurabh Varma,1,Dharma,1
Sachit Patil,1,Aejaz Gulab,1,S. Paul,1
Saksham Kulkarni,1,Avantika Hari,1,RDB,1
Samir Aftab,2,Zaid Ali Khan,1,Ashok Bhadra,1
Shahid Kapoor,18,Jasbir Bhaati,1,Vickey Prasad,1
Tara Sharma,1,Santosh Badal,1, Amit Trivedi,1
Tushar Jalota,1,Girish Malik,1,Tarun,1
Rishi Bhutani,1,Laljibhai Patel,1,Akash Chopra,1
Saqib Saleem,3,Ashok Vishwanath,1,Abu Malik,1
Sunny Gill,1,Sooni Taraporevala,1,Babu Kishen,1
Vivek Oberoi,10,Purrshottam,1,Shubayu,1
Devi,1,Bappaditya Bandopadhyay,1,Labh Junjua,1
Fatima,1,Shekhar Ghosh,1,Surinder Bachan,1
Rita S. Roy,1,Jyotin Goel,1,Samira Koppikar,1
Sachin,1,J.D. Chakravarthi,1,Darshan Dave,1
Smeep Kang,1,Antara Mali,1,Sanjay Jaydip,1
Ajay Sinh Rathod,1,Vinay Shukla,1,Narendra Sharma,1
Arjun Gaur,1,Vickey S. Kumar,1,R.K. Pandit,1
Arya Babbar,1,Kunal Vijayakar,1,Manasi Scott,1
Attin Bhalla,1,Faiz Anwar,1,Vasu Dixit,1
Darshan Jariwala,1,Ranjit Tiwari,1,Raj - Prakash,1
Deepshika,1,Sanamjit Talwar,1,Imaad Shah,1
Girish Taurani,2,Singeetam Srinivasa Rao,1,Vishal - Shekhar ,1
Leeza Mangaldas,1,J.H. Nakra,1,Adam Avil - Eddie Avil,1
Mahesh,1,Aron Govil,1,Param,1
Manzar Sehbai,1,Ujjwal Singh,1,Anwar Hussain,1
Neil Nitin Mukesh,6,Amit Kumar,1,Sandarbh,1
Raj Tandon,1,Sunjay S. Zaveri,1,Sandeep - Surya,1
Rajesh Khanna,4,Vicky G.,1,Inder Bawra,1
Shatrughan Sinha,1,Amit Saxena,1,Zubunnisa Bangash,1
Shweta Bhardwaj,1,Dev Bsu,1,Nandlal Nayak,1
Swati Verma,1,Vikramjit Singh,1,Pranay Rijia,1
Vippino,1,Sahil Prem,1,Mark Kilian,1
Mashhoor Amrohi,1,Raj Sharma,1,Leonard Victor,1
Parvin Dabas,1,S.K. Prasad,1,K.P.,1
Rannvijay Singh,2,Aqil A. R. Hashmi,1,Shriram Shankar,1
Riteish Deshmukh,11,Vinod R. Thakur,1,Nashraj Chigre,1
Shraddha Kapoor,2,Raajatesh Nayar,1,D. Sushant,1
Shreyas Talpade,9,Supavitra Babul,1,Sanjay Basu,1
Swanand Kirkire,1,Girish Dhamija,1,Annujj Kappoo,1
Alia Shah,1,K. Murali Mohana Rao,1,Manoj Tikaria,1
Dev Anand,3,Ashok Kheny,1,Mychael Danna,1
Geoffrey Broderick,1,Abu Akbar,1,Vasuda Sharma,1
K.Gauri,1,Bhagirathi Swain,1,Shashi Suman,1
Kailash Manav,1,Sudipto Chattopadhyay,1,Atif Ali,1
Manav Vij,1,Mahesh Nair,1,Rajan Bawa,1
Tanya Oberoi,1,Chandarsen Singh,1,Madan Atram,1
Delzad Hiwale,1,Sanjay Puran Singh Chauhan,1,Prashant Kumar,1
Mink,1,Lalit Marathe,1,Ashraf Fani,1
Sachin Khedekar,2,B.R. Ishara,1,Nitz - Sony,1
Shubh Mukherjee,1,R. Gautam,1,Shiraz Uppal,1
Tabu,1,Rajiv Babbar,1,Manan,1
Aditya Shrivastava,1,Raghav Dar,1,Prakash Prabhakar,1
Parmita Katkar,1,Akhilesh Jaiswal,1,Praveen Bhardwaj,1
Ravi Kapoor,1,Sandeep Solanki,1,Prakash - Ashish - Veeru,1
Sameer Dattani,2,Sajid Nadiadwala,1,Vinod - Prakash - Ashish,1
Sanjay Suri,1,Rajesh Pandey,1,Babla Mehta,1
Siddharth Dhawan,1,Aatish Kapadia,1,Jyotishka Dasgupta,1
Sushmita Sen,2,Ravi K. Patwa,1,Parvez - Subhash,1
Abhishek Anand,1,Chandraprakash Dwivedi,1,Rohan - Vinayak,1
Bobby Deol,9,Kamal,1,Swaroop Kanchi,1
Amarjeet,2,Krish,1,Sahil Rayyan,1
Chaitanya Naidu,1,Nikhil Singh,1,Akhil Sachdeva,1
Deep,1,Bela Sehgal,1,Pramod Nair,1
Mandira Bedi,1,Savin Tuscano,1,Lalit Sen,1
Mohd. Samad,1,Sattwik Mohanty,1,Siddharth Madhay,1
Parzan Dastur,1,Rohit Kaushik,1,John Debney,1
Sarvar Ahuja,2,Sharad Chaudhary,1,Mika Singh,2
Tusshar Kapoor,13,Faroogh Siddiqui,1,G.V. Prakash Kumar,2
Amit Riyaan,1,Maqbool Khan,1,Tasawar Azmi,2
Karanvir Sharma,2,Sunil Agnihotri,1,Tapan,2
Kunal Khemu,6,Rakesh Ranjan Kumar,1,Durga - Natraj,2
Vega Tamotia,1,Shashi Sudigala,1,Dev Sikander,2
Zakir Hussain,1,Rahul Aggarwal,1,Abhi - Raj,2
Ankur Khanna,1,Anish Khanna,1,Madhu Bhosle,2
Kunal Kapoor,3,Rajpal Yadav,1,Shri Rangaras,2
Rani Mukherjee,4,Madhureeta Anand,1,Dinesh Arjuna,2
Zaira Wasim,1,Ranjit Kapoor,1,Neel Dutt,2
Armaan Jain,1,Rajesh Ram Singh,1,Shibani Kashyap,2
Ayaan Ahmad,1,Abhik Bhanu,1,Ali Zafar,3
Sachin Tendulkar,1,Sunil Advani,1,Mani Shankar,3
Shahrukh Khan,16,Vinay Sapru,1,Dinu,3
Sridevi,2,Shahab Shamsi,1,Mikey McCleary,4
Aditi Inamdar,1,Saurabh Kadra,1,Gourov Dasgupta,5
Mallika Sherawat,5,Ken Ghosh,1,Gurmeet Ram Rahim Singh,5
Priyanka Chopra,6,Faruk Kabir,1,Hitesh Sonik,5
Shubh,2,Tinu Suresh Desai,1,Sayyed Ahmed,5
Uday Chopra,1,Puja Jatinder Bedi,1,Amal Malik,6
Urmila Matondkar,2,Ammtoje Mann,1,Nadeem - Shravan,8
Zayed Khan,5,Amy Thanawala,1,Sawan Kumar Sawan,12
Arjun Rampal,8,Raju Khan,1,Pravin Kumar,1
Imran Khan,9,Manoj Tyagi,1,Vishwanath Dixit,1
John Abraham,17,Shailesh Verma,1,Sanjay Pathak,1
Riya Vij,1,Fuwad Khan,1,Gaurav Godkhindi,1
Aamir Khan,10,Anil Senior,1,Sony Chandy,1
Darsheel Safary,1,Pryas Gupta,1,Susmit Bose,1
Kajol,1,Rakesh Chaturvedi,1,Arun Bhairav,1
Ashmit Patel,2,Ashima Chibber,1,Clinton Cerejo,1
Aashish Chanana,1,Pawan Gill,1,Roshan Machado,1
Chirag Paswan,1,Parvati Balagopalan,1,Nitin Arora,1
Emraan Hashmi,27,Kookie V. Gulati,1,Pranit,1
Master Shams,1,R.G. Sagonakha,1,Anand Modak,1
Meghna Naidu,2,A. Rajesh,1,Shree - Isshq,1
Prabhu Deva,2,Dharmesh Tiwari,1,Uttsava Anand,1
Sohail Khan,4,Chandramohan Nillay,1,Bishakh - Kanish,1
Himesh Reshammiya,7,Rita S. Roy,1,Kinky Ronald,1
Dino Morea,6,Sachin,1,Manoj Negi,1
Eisha Deol,1,Tarun Wadhwa,1,Sameer Phaterpekar,1
Gul Panag,1,Ramesh Rout,1,Sonu Nigam,1
Parvathy Omanakuttan,1,B.M. Mirza,1,Sukhshinder Shinda,1
Rajveer Dutt,1,Aziz Sejawal,1,Deepak Shah,1
Sushant Singh Rajput,5,Imran Khalid,1,Harendra Panijar,1
Aakash,1,Ashish Tyagi,1,Raja Ali,1
Aaryan,1,Deepshika,1,Wayne Sharpe,1
Akash,1,Vaibhav Misra,1,Malhar,1
Alia Bhatt,1,Harmesh Malhotra,1, Rohit Kulkarni,1
Amit Kapoor,3,Jaidev Chakravorty,1,Neeraj Shrivastava,1
Arayan Singh,1,Yunus Sajawal,1,Faridkot,1
Arjun Chakraborty,1,Tarun Madan Chopra,1,Avi Raaj,2
Aushim Khetarpal,1,Simran,1,Piyush Mishra,3
Dev Gill,1,Rajesh Pillai,1,Amardeep Nijjer,1
Dheren Kushesh Rusto,1,Hasnain Hyderabadwala,1,Manj Musik,1
Fardeen Khan,7,Shantanu Ray Chhibber,1,Ajit Parab,1
Harish Raj,1,Gitanjali Sinha,1,Udhav Ohja,1
Harshvardhan Deo,1,Akash Pandey,1,Raj Sen,1
Imaad Shah,2,Ashok Gaikwad,1,Kamran Ahmed,1
Izabelle Leite,1,Karan,1,Yuvan Shankar Raja,1
J.B. Rana,1,Adi Irani,1,Nishat Khan,1
Kabir Sawhney,1,Sunanda Mitra,1,Rabbi Shergill,1
Linus Roach,1,K. Ravi Raj,1,Harris Jayraj,1
Meera,2,Sanjay Goel,1,Bombay Rockers,1
Mehrunnisa Hassan,1,Kompin Kemgumnird,1,Samir Phatarpekar,1
Mukesh R.K. Chouksey,2,N. Chandra,1,Karan Kulkarni,1
Nilu Thakur,1,Ravindra Gautam,1,R. Anandh,1
Nitika Sharma,1,Junaid Memon,1,Rakesh Trivedi,1
Preity Zinta,2,Mashhoor Amrohi,1,Munish Makhija,1
Pritika Chawla,1,Vishal Bhandari,1,Mustafa Zahid,1
Raai Laxmi,1,Anusha Rizvi,1,Virag Mishra,1
Raj Babbar,1,Pravin Dabbas,1, Clinton Cerejo,1
Raj Gautam,1,Ramesh Khatkar,1,Baman,1
Rajesh Shringharpure,1,Karan Anshuman,1,Rishi - Ranjit,1
Rekha Rana,1,Hadi Abrar,1,Arun Daga,2
Rikkee,1,Bumpy,1,C.L. John,1
Sanjay Pundir,1,Indrajit Nattoji,1,Babbu Mann,1
Seema Parihar,1,Ritesh Menon,1, Vishal - Shekhar,1
Swaroop Kanchi,1,Tanushri Chattrji Bassu,1,Sunil Patni,1
Swati Sharma,1,Sandeep Bhat,1,Surj RDB,1
Varun Dhawan,7,Kadar Kashmiri,1, Pritam,1
Veer,1,Charles Sleichter,1,Nadeem Saifi,1
Vinay Anand,1,Nabh Kumar Raju,1,Mode AKA,1
Vincent D'Onofrio,1,Shakir Shaikh,1,Strings,1
Amaan Khan,1,Kukku Batra,1,Harshit Saxena,2
Deepal Shaw,1,Harsh Kohli,1,Abhijeet Kumar,2
Dinesh Mehta,1,Dilip Gulati,1,Dr. Zeus,2
Gautam Jadhav,1,Sanjivan Lal,1,Sanjay Leela Bhansali,4
Jai Kalra,1,Sanjay Khanna,1,Nirmal - Shekhar,1
Munish Khan,1,Girish Girija Joshi,1,Channi Singh,1
Nishant Dahiya,1,Sushil Rajpal,1,Vinay Kapadia,1
Rajveer Sharma,1,Pramod Joshi,1,Rana Mazumder,1
Rakhi Vohra,1,Shivram Yadav,1,Sushant - Shankar,1
Rehaan Khan,1,Ruchi Narain,1,Naren Chandavarkar,1
Roopa Ganguly,1,Mohan Savalkar,1, Sneha Khanwalkar,1
Seth Daksh,1,Samar Shaikh,1,Ashish Pandit,1
Soha Ali Khan,1,Sourabh Shrivastava,1,DJ Chetas,1
Udita Goswami,1,Sanjay Dayma,1,Adnan Dhool,1
Urmila,1,Ashok Kaul,1,Sayad Ali,1
Victor Banerjee,2,Shrirang Dhhavale,1,Avinash Pathak,1
Vijay Bhaskar,1,Janmendra Ahuja,1,Afsar,1
Aditya Om,1,Faruq Masudi,1,Shivam Farhaan,3
Ali Zafar,4,Imtiaaz J. Khan,1,Nazam Sheraz,1
Amit Rao,1,Ravi Kapoor,1,Vidyasagar,1
Arsh Deol,1,Ravi Chopra,1,M.G. Sreekumar,1
Hrishita Bhatt,1,Saawan Kumar Tak,1,Tony Kakkar,1
Navin Prabhakar,1,Rajan Waghdhare,1,Uttankk V. Vorra,1
Nidhi Gill,1,Rajiv Nath,1,Prasanna Shekhar,1
Rajbeer Singh,1,Rajesh Bajaj,1, Ram Shankar,1
Riya Sen,1,Sanjay Surker,1,Vikram Negi,1
Romit Raaj,1,Kalpana Lajmi,1,,
Siddharth,1,Dharam Prakash,1,,
Sukhwinder Singh,2,Bunty Soorma,1,,
Sunil Pal,1,Rakesh Kakaria,1,,
Hyder Ali,1,Dilip Sood,1,,
Kalki Koechlin,2,Irfan Khan,1,,
Ramesh Goyal,1,Raman Kumar,1,,
Saif Ali Khan,18,K. Ravi Shankar,1,,
Garry Gill,1,Shiv Dube,1,,
Gurmeet Ram Rahim Singh,5,Jiten Purohit,1,,
Hrithik Roshan,11,Chandrakant Kulkarni,1,,
Partho A. Gupte,1,Ajay Varma,1,,
Sikander Kher,2,Rajan Khosa,1,,
Fawad Khan,1,Amit Rai,1,,
Ravi Ahlawat,1,Piyush Jha,1,,
Mahakshay Chakraborty,3,Mannish Goel,1,,
Akbar Khan,1,Jayant Gilatar,1,,
Prabhas,2,Guddu Dhanoa,1,,
Jacky Bhagnani,4,S. Manasvi,1,,
Luv Sinha,1,Vijay Raaz,1,,
Purav Bhandare,1,Akshay Akkineni,1,,
Vasundhara Das,1,Sunil Tiwari,1,,
Rajendraprasad,1,Mahesh Pandey,1,,
Rajesh Tiwari,1,Sisir Mishra,1,,
Sonu Sood,1,Muazzam Beg,1,,
Anuj Sawhney,1,Rohit Jugraj,1,,
Bobby Khan,1,Salar Shaikh,1,,
Siddharth Koirala,1,Rupali Guha,1,,
Aryeman Ramsay,3,Srikanth Velagaleti,1,,
Tarun Arora,1,Vineet Khetrapal,1,,
Sherlyn Chopra,1,K.D. Satyam,1,,
Kareena Kapoor,3,Akshay Roy,1,,
Tulip Joshi,1,Sameer Sharma,1,,
Ranveer Singh,9,Sachin Kundalkar,1,,
Aditya Samanta,1,Mandeep Kumar,1,,
Gaurav Kapur,1,Mehul Kumar,1,,
Jason Lewis,1,Vinnil Markan,1,,
Amit Pachori,2,Advait Chandan,1,,
Harsh Mayar,1,Arif Ali,1,,
Kartik Aryan,3,Tanvir Ahmad,1,,
Mrinal Kulkarni,1,Gautham Menon,1,,
Rishabh,1,James Erskine,1,,
Sahil Anand,1,Yash Chopra,1,,
Suhail Karim,1,Ravi Udyawar,1,,
Sunny Singh,1,Rahul Bose,1,,
Tejaswini Sarkar,1,Anil Mehta,1,,
Tia Bajpai,1,Jennifer Chambers Lynch,1,,
Vikram Chatwal,1,Jugal Hansraj,1,,
Vivek Sudarshan,1,Prashant Chadha,1,,
Bharat,1,Shubh,1,,
Deepika Padukone,1,Arjun Sablok,1,,
Himanshu Malik,1,Shripal Morakhia,1,,
Sapna,9,Sahil Sangha,1,,
Dimple Kapadia,1,Tarun Mansukhani,1,,
Pravin Dabbas,1,Puri Jagannadh,1,,
Radhika Apte,2,Vivek Agrawal,1,,
Juhi Chawla,3,Danish Aslam,1,,
Swini Khara,1,Sanjay F. Gupta,1,,
Vikram,1,Sonam Nair,1,,
Kartik Tiwari,1,Vinil Mathew,1,,
Piu Chauhan,1,Aamir Khan,1,,
Sanket More,1,Devika Bhagat,1,,
Gautam Gupta,1,Romesh Sharma,1,,
Taapsee Pannu,1,Abhishek Varman,1,,
Harshvardhan Rane,2,Satyajit Bhatkal,1,,
Santosh Barmola,1,Shujaat Saudagar,1,,
Rajeev Verma,1,Vijay Lalwani,1,,
Dia Mirza,1,Siddharth Malhotra,1,,
Karan Grover,1,Bedabrata Pain,1,,
Nilesh Sahay,1,Willard Carroll,1,,
Karron Mallik,1,Sunny Deol,1,,
Naseer Khan,1,J.P. Dutta,1,,
Arif Zakaria,1,Kireet Khurana,1,,
Sheena Nayar,1,Soni Razdan,1,,
Ronit Roy,2,Ajit Pal Mangat,1,,
Nikhil Dwivedi,1,Tony,1,,
Karan Bhanushali,1,Govind Menon,1,,
Ankush Choudhary,1,Sachin Kamlakar Khot,1,,
Debashree,1,Ashim Samanta,1,,
Sudesh Berry,1,Aziz Khan,1,,
Tiger Shroff,4,Ahmed Siddiqui,1,,
Vatsal Sheth,1,Srijit Mukherji,1,,
Zarine Khan,2,Aashish Chanana,1,,
Samir Kochhar,2,Ashim Ahluwalia,1,,
Surveen Chawla,1,Tanveer Khan,1,,
Akshita,1,Manish Sharma,1,,
Tanushree Datta,1,Irfan Kamal,1,,
Muzammil Ibrahim,1,Afzal Ahmed,1,,
Aashish Chaudhary,1,Rajiv Mehra,1,,
Ranvir Shorey,3,A.L. Vijay,1,,
Imran,1,Arbaaz Khan,1,,
Satnam Kaur,1,K.S. Adhiyaman,1,,
Aadar Jain,1,Aziz Mirza,1,,
Aditya Roy Kapoor,4,Paritosh Painter,1,,
Mishti,1,Atul Agnihotri,1,,
Harshvardhan Kapoor,1,Abhishek Dogra,1,,
Afsar Khan,1,Umesh Ghadge,1,,
Nataliya Kozhenova,1,Partho Mitra,1,,
Paoli Dam,1,K. Subhash,1,,
Raj Rajawat,2,Raj Kaushal,1,,
Sameer Sarkit,1,Swapna Joshi,1,,
Neha Sharma,1,Vijay Taneja,1,,
Shilpa Shetty,1,Khalid Mohamed,1,,
Ram Charan,1,Harryy W. Fernaandes,1,,
Dhanush,1,Susi Ganesh,1,,
Ahsaas Channa,1,Siddique,1,,
Harsh Chhaya,1,K.S. Ravikumar,1,,
Rahul Pendkalkar,1,Ahmed Khan,1,,
Sooraj Pancholi,1,Pankaj Parashar,1,,
Mahie Gill,3,Suresh Krishna,1,,
Raj Tara,1,Roshan Abbas,1,,
Akshay Kapoor,1,Pawan Kaul,1,,
Rohit Roy,1,Hema Malini,1,,
Ayesha Takia,2,Shamin Desai,1,,
Monali Thakur,1,Manoj Tiwari,1,,
Mustafa Burmawalla,1,Kapil Sharma,1,,
Anant Mahadevan,1,Jehangir Surti,1,,
Shakeela,1,Vishal Aryan Singh,1,,
Akanksha Puri,1,Barnali Ray Shukla,1,,
Kirti Kulhari,1,Mohit Hussein,1,,
Kaya Bunti,1,Srinivas Bhashyam,1,,
Sushma Sharma,1,Vishesh Bhatt,1,,
Affi Khan,1,Pankaj Kapoor,1,,
Gulshan Rana,2,Parmeet Sethi,1,,
Chaman Jackson,1,Kedar Shinde,1,,
Aditya Narayan,1,Rajesh Mapuskar,1,,
Patralekha,1,Radhika Rao,1,,
Karisma Kapoor,1,Dinesh Vijan,1,,
Adhvik Mahajan,1,Lovely Singh,1,,
J.D. Chakravarthi,1,Sachin Bajaj,1,,
Puneet Singh Ratn,1,Vikram Chopra,1,,
Sandeep Bharadwaj,1,Priyanka,2,,
Suriya,1,Ravi Sinha,2,,
Nithiin,1,Robby Grewal,2,,
,,Arup Dutta,2,,
,,Shree Narayan Singh,2,,
,,Gauri Shinde,2,,
,,Babu,2,,
,,Amrit Sagar,2,,
,,Varun Khanna,2,,
,,Raaj Mukherjee,2,,
,,Bhabani Prasad,2,,
,,Ashwiny Iyer Tiwari,2,,
,,Dev Anand,2,,
,,Ravi Varma,2,,
,,V.K. Singh,2,,
,,Suparn Verma,2,,
,,Swaroop Kanchi,2,,
,,Raj Purohit,2,,
,,Prawal Raman,2,,
,,Punit Malhotra,2,,
,,Santosh Gupta,2,,
,,Dilip Shankar,2,,
,,Mohan Sharma,2,,
,,Ankush Bhatt,2,,
,,Suhail Tatari,2,,
,,Alankrita Shrivastava,2,,
,,Shonali Bose,2,,
,,Vishal Mahadkar,2,,
,,Santosh Sivan,2,,
,,Faisal Saif,2,,
,,Ashok Nanda,2,,
,,Mukesh R.K. Chouksey,2,,
,,Ejaz Ahmed,2,,
,,Ajai Sinha,2,,
,,Vicky Ranawat,2,,
,,Deepa Mehta,2,,
,,Makarand Deshpande,2,,
,,Omung Kumar,2,,
,,Deepak Shivdasani,2,,
,,Arjun Raj,2,,
,,Syed Ahmed Afzal,2,,
,,Kumar Raj,2,,
,,Manoj Sharma,2,,
,,Shailendra Singh Rajput,2,,
,,Krishna Mishra,2,,
,,Aparna Sen,2,,
,,Rajnish Thakur,2,,
,,Ajay Yadav,2,,
,,Shashank Khaitan,2,,
,,Hamid Ali,2,,
,,Arshad Khan,2,,
,,M. Irfan,2,,
,,Vidhu Vinod Chopra,2,,
,,Glen Barreto,2,,
,,Farhad - Sajid,2,,
,,Shirish Kunder,2,,
,,Shashi Shekhar,2,,
,,Vinod Chhabra,2,,
,,Sachin P. Karande,2,,
,,K. Bhushan,2,,
,,Renzil D'Silva,2,,
,,Harish Bhonsle,2,,
,,Deepak Balraj Vij,2,,
,,Vinod Mukhi,2,,
,,Raja Krishna Menon,2,,
,,Amit Vats,2,,
,,Chandan Arora,2,,
,,T.K. Rajiv Kumar,2,,
,,Anjan Dutt,2,,
,,Rajshree Ojha,2,,
,,Sanjay Sharma,2,,
,,Aditya Om,2,,
,,Ajay Devgn,2,,
,,Anu Menon,2,,
,,Yogesh Bharadwaj,2,,
,,Tarique Khan,2,,
,,Manish Tiwary,2,,
,,Himanshu Brahmbhatt,2,,
,,Sunil Pal,2,,
,,Kushan Nandy,2,,
,,Jagbir Dahiya,2,,
,,Hemant Madhukar,2,,
,,Nupur Asthana,2,,
,,Shekhar S. Jha,2,,
,,Hridhay Sharma,2,,
,,Kittu Saluja,2,,
,,Rajeev Virani,2,,
,,Puneet Sira,2,,
,,Pammi Somal,2,,
,,Jeetu Arora,2,,
,,Rakesh Roshan,2,,
,,Amol Gupte,2,,
,,Ashok Tyagi,2,,
,,Rakesh Sawant,2,,
,,Sachin Yardi,2,,
,,Ashish R. Mohan,2,,
,,Shashanka Ghosh,2,,
,,Sandeep Kumar,2,,
,,Divya Khosla,2,,
,,Kaushik Ghatak,2,,
,,B.H. Tharun Kumar,2,,
,,Vishram Sawant,2,,
,,Shakun Batra,2,,
,,Neeraj Pathak,2,,
,,Mudassar Aziz,2,,
,,Raj N. Sippy,2,,
,,Dharmesh Darshan,2,,
,,Karan Malhotra,2,,
,,S.S. Rajamouli,2,,
,,Milap Zaveri,2,,
,,Raj Kanwar,2,,
,,B. Subhash,2,,
,,Hriday Shetty,2,,
,,Shawn Arranha,2,,
,,Samar Khan,2,,
,,Abhinav Kashyap,2,,
,,Sanjay Chhel,2,,
,,Vinod Pande,2,,
,,Sharat Katariya,2,,
,,Sooraj Barjatya,2,,
,,Devang Dholakia,2,,
,,Manish Jha,2,,
,,Sanjay Khanduri,2,,
,,Reema Kagti,2,,
,,Rahul Rawail,2,,
,,Anil Devgan,2,,
,,Meghna Gulzar,2,,
,,Abhishek Chaubey,2,,
,,Ketan Mehta,2,,
,,Vikas Bahl,2,,
,,Ayan Mukherji,2,,
,,Raj Nidimoru,2,,
,,Mani Ratnam,2,,
,,Abbas Tyrewala,2,,
,,Soham Shah,2,,
,,Vivek Sharma,2,,
,,Shimit Amin,2,,
,,Aditya Chopra,2,,
,,Vijay Krishna Acharya,2,,
,,Neeraj Vora,2,,
,,Farhan Akhtar,2,,
,,Sohail Khan,2,,
,,Prem Soni,2,,
,,Rumi Jaffery,2,,
,,Rohit Dhawan,2,,
,,Anurag Singh,2,,
,,Chandini Gupta,3,,
,,Shyam Ramsay,3,,
,,Prakash Saini,3,,
,,Bejoy Nambiar,3,,
,,Ganesh Acharya,3,,
,,Nila Madhab Panda,3,,
,,Ishaan Trivedi,3,,
,,Luv Ranjan,3,,
,,Krishna D.K,3,,
,,Milind Ukey,3,,
,,Amol Palekar,3,,
,,Mrighdeep Singh Lamba,3,,
,,Milind Swamy,3,,
,,Sanjay Gupta,3,,
,,Amol Shetge,3,,
,,Anil Sharma,3,,
,,Harry Baweja,3,,
,,Rahat Kazmi,3,,
,,Tanuja Chandra,3,,
,,Saurabh Shukla,3,,
,,Shashant Shah,3,,
,,Gurmmeet Singh,3,,
,,Manish Shrivastava,3,,
,,Homi Adajania,3,,
,,Rahul Dholakia,3,,
,,Shivam Nair,3,,
,,Pawan Kirpalani,3,,
,,Vikramaditya Motwane,3,,
,,E. Niwas,3,,
,,Abhishek Sharma,3,,
,,Mani Shankar,3,,
,,Rohan Sippy,3,,
,,Onir,3,,
,,Wilson Louis,3,,
,,Salim Raza,3,,
,,Gurmeet Ram Rahim Singh,3,,
,,Leena Yadav,3,,
,,Anthony D'Souza,3,,
,,Ashwini Chaudhary,3,,
,,Deepak Ramsay,3,,
,,Rohit Nayyar,3,,
,,Rajkumar Hirani,3,,
,,Umesh Shukla,3,,
,,Nitish Tiwari,3,,
,,Lawrence D'Souza,3,,
,,Kabir Sadanand,3,,
,,Kunal Kohli,3,,
,,Bhushan Patel,3,,
,,Raksha Mistry,3,,
,,Chandrakant Singh,3,,
,,Shyam Benegal,3,,
,,Jay Prakash,3,,
,,Raj Kumar Gupta,3,,
,,Saket Chaudhary,3,,
,,Sriram Raghavan,3,,
,,A.R. Murugadoss,3,,
,,Farah Khan,3,,
,,Zoya Akhtar,3,,
,,Sanjay Gadhvi,3,,
,,Sagar Ballary,4,,
,,Subhash Kapoor,4,,
,,Mahesh Manjrekar,4,,
,,Jag Mundhra,4,,
,,Kishan Shah,4,,
,,Kunal Deshmukh,4,,
,,Sudhir Mishra,4,,
,,Anand Kumar,4,,
,,Nishikant Kamat,4,,
,,Hansal Mehta,4,,
,,Pradeep Sarkar,4,,
,,Sanjay Khandelwal,4,,
,,Pooja Bhatt,4,,
,,Sabbir Khan,4,,
,,Manish Gupta,4,,
,,Sujoy Ghosh,4,,
,,Vishal Pandya,4,,
,,Partho Ghosh,4,,
,,Shoojit Sircar,4,,
,,T.L.V. Prasad,4,,
,,Kabeer Kaushik,4,,
,,Subhash Ghai,4,,
,,R. Balki,4,,
,,Abhinay Deo,4,,
,,Neeraj Pandey,4,,
,,Ashutosh Gowariker,4,,
,,Ali Abbas Zafar,4,,
,,Ashwini Dhir,4,,
,,Habib Faisal,4,,
,,Rajkumar Santoshi,4,,
,,Aaditya Datt,4,,
,,Rajat Kapoor,4,,
,,Ajay Chandhok,4,,
,,K.C. Bokadia,4,,
,,Abhishek Kapoor,4,,
,,Remo D'Souza,4,,
,,Maneesh Sharma,4,,
,,Rakesh Omprakash Mehra,4,,
,,Shaad Ali,4,,
,,Vipul Amrutlal Shah,4,,
,,Shakeel S. Saifee,5,,
,,Samir Karnik,5,,
,,Dibakar Banerjee,5,,
,,Anand L. Rai,5,,
,,Karan Johar,5,,
,,Suneel Darshan,5,,
,,Apoorva Lakhia,5,,
,,Vivek Agnihotri,5,,
,,Deepak Tijori,5,,
,,Sanjay Leela Bhansali,5,,
,,Anurag Basu,5,,
,,Anubhav Sinha,5,,
,,Sangeeth Sivan,5,,
,,Siddharth Anand,5,,
,,Sajid Khan,5,,
,,Rajiv S. Ruia,6,,
,,Karan Razdan,6,,
,,Tigmanshu Dhulia,6,,
,,Ashu Trikha,6,,
,,Indra Kumar,6,,
,,Nikhil Advani,6,,
,,Satish Kaushik,6,,
,,Milan Luthria,6,,
,,Kabir Khan,6,,
,,Prakash Jha,6,,
,,Prabhu Deva,6,,
,,Abbas - Mustan,7,,
,,Nagesh Kukunoor,7,,
,,Vishal Bhardwaj,7,,
,,Imtiaz Ali,7,,
,,Anant Mahadevan,8,,
,,David Dhawan,8,,
,,Kanti Shah,8,,
,,Anees Bazmee,9,,
,,Madhur Bhandarkar,9,,
,,Anurag Kashyap,10,,
,,Rohit Shetty,11,,
,,Mohit Suri,11,,
,,Suresh Jain,15,,
,,Vikram Bhatt,16,,
,,Priyadarshan,16,,
,,Ram Gopal Verma,18,,
